{"cameraMode":{"drawMode":0,"name":"Shaded","section":"Shading Mode"},"sceneLighting":true,"audioPlay":false,"sceneViewState":{"m_AlwaysRefresh":false,"showFog":true,"showSkybox":true,"showFlares":true,"showImageEffects":true,"showParticleSystems":true,"showVisualEffectGraphs":true,"m_FxEnabled":true},"in2DMode":false,"pivot":{"x":-7.081653594970703,"y":15.959619522094727,"z":-53.970985412597659},"rotation":{"x":-0.27830132842063906,"y":-0.00033012308995239437,"z":0.00005290374610922299,"w":-0.9605863094329834},"size":107.02340698242188,"orthographic":true}